ÆÚÊý,ºì1,ºì2,ºì3,ºì4,ºì5,ºì6,À¶1
17107,8,9,15,17,30,32,6
17106,12,15,20,25,27,31,2
17105,3,6,7,12,25,26,7
17104,1,14,15,20,23,30,14
17103,1,21,23,25,31,33,1
17102,4,8,10,14,18,20,11
17101,1,4,11,28,31,32,16
17100,4,7,8,18,23,24,2
17099,2,5,6,16,28,29,4
17098,4,19,22,27,30,33,1
17097,5,10,18,19,30,31,3
17096,2,6,11,12,19,29,6
17095,9,10,12,19,22,29,16
17094,8,11,13,19,28,31,6
17093,7,8,9,15,22,27,12
17092,10,18,19,29,32,33,9
17091,5,7,10,23,28,29,3
17090,1,7,10,16,22,33,9
17089,11,12,13,16,23,25,12
17088,7,9,18,22,23,29,6
17087,3,6,13,14,19,28,6
17086,3,5,6,13,20,22,7
17085,1,5,6,16,25,30,9
17084,1,5,11,20,22,24,2
17083,3,8,14,20,24,26,12
17082,14,18,21,25,28,29,10
17081,3,5,14,25,26,30,5
17080,1,12,16,20,22,24,8
17079,3,7,14,23,25,27,8
17078,5,7,18,19,22,24,16
17077,1,2,4,15,17,22,14
17076,1,4,8,9,14,15,13
17075,1,3,6,19,21,29,7
17074,2,6,16,23,30,31,2
17073,3,6,16,23,26,30,14
17072,6,11,14,23,26,30,2
17071,2,3,6,14,31,32,3
17070,1,6,14,22,25,26,12
17069,2,11,12,23,29,31,5
17068,2,6,10,22,30,31,15
17067,1,3,4,10,18,29,4
17066,1,4,6,17,19,26,3
17065,2,5,8,10,12,21,7
17064,2,10,16,22,24,28,15
17063,12,16,20,22,25,31,4
17062,1,7,22,24,26,31,10
17061,6,7,12,20,26,27,11
17060,5,10,13,24,26,31,4
17059,4,8,9,15,19,25,9
17058,1,9,13,22,28,32,11
17057,18,20,22,23,30,31,16
17056,13,14,18,19,21,28,6
17055,7,12,13,20,24,31,5
17054,2,3,9,23,28,33,8
17053,4,9,11,15,29,31,6
17052,7,8,18,24,29,31,7
17051,2,5,9,15,24,25,11
17050,10,12,20,24,27,29,7
17049,1,8,14,15,20,29,10
17048,5,8,9,14,15,19,7
17047,2,5,8,10,32,33,2
17046,4,13,14,23,26,32,10
17045,5,7,16,20,21,25,5
17044,8,16,19,21,31,32,6
17043,8,13,16,23,27,31,8
17042,1,2,4,7,10,23,4
17041,4,10,13,15,22,27,4
17040,15,19,23,28,29,33,4
17039,2,4,12,14,17,24,15
17038,1,4,8,13,24,27,5
17037,11,15,20,22,25,30,5
17036,1,2,5,10,24,27,15
17035,1,6,14,24,28,32,12
17034,4,7,8,19,32,33,13
17033,5,7,15,20,23,30,15
17032,5,8,15,24,27,31,11
17031,6,10,16,26,27,29,3
17030,1,7,9,20,23,30,2
17029,2,15,21,23,25,30,10
17028,7,8,12,13,22,30,9
17027,2,4,11,14,27,30,5
17026,3,10,12,19,27,30,8
17025,2,15,16,17,22,32,7
17024,9,21,25,26,29,31,13
17023,1,3,4,11,18,22,14
17022,2,6,15,16,18,32,15
17021,2,5,10,22,32,33,9
17020,4,8,10,12,31,33,10
17019,4,6,8,12,23,25,8
17018,1,2,3,17,25,31,9
17017,3,7,8,10,22,23,12
17016,5,8,16,22,27,29,2
17015,1,8,9,14,17,32,1
17014,6,8,18,20,23,31,13
17013,8,11,28,29,31,33,6
17012,10,11,14,15,16,24,7
17011,10,11,12,23,26,29,16
17010,5,8,19,25,28,30,7
17009,2,6,8,9,15,29,14
17008,7,13,15,27,28,29,13
17007,2,4,5,24,26,33,15
17006,2,4,8,26,29,33,8
17005,6,11,12,22,23,30,5
17004,5,13,17,26,27,30,7
17003,1,4,8,15,27,32,16
17002,15,19,23,24,25,32,3
17001,9,11,14,20,25,26,15
16153,7,9,16,24,25,29,6
16152,2,8,9,16,20,22,7
16151,6,11,16,20,22,33,7
16150,2,4,5,9,13,21,5
16149,3,20,23,26,32,33,7
16148,1,2,11,20,26,30,14
16147,4,14,18,28,31,32,12
16146,3,7,15,16,17,23,10
16145,1,3,7,12,19,20,6
16144,4,10,12,27,32,33,5
16143,6,9,23,24,25,33,13
16142,1,10,17,21,23,30,12
16141,4,13,15,17,21,24,15
16140,1,2,5,17,26,32,10
16139,1,6,19,26,28,30,3
16138,7,16,20,24,25,30,7
16137,1,6,9,10,15,32,14
16136,2,7,10,20,27,29,3
16135,2,8,10,18,20,33,12
16134,11,12,13,14,18,33,13
16133,15,16,21,22,27,33,15
16132,5,8,13,19,27,28,7
16131,4,10,18,19,25,27,2
16130,3,17,21,23,27,28,1
16129,5,6,8,21,31,33,14
16128,4,9,11,17,26,27,13
16127,7,12,17,26,29,31,16
16126,2,6,12,17,18,19,10
16125,1,6,8,20,27,30,3
16124,9,15,21,24,27,32,10
16123,7,9,12,14,20,27,16
16122,15,22,23,24,28,29,8
16121,2,3,10,23,25,28,9
16120,2,5,6,21,25,28,9
16119,9,19,21,30,31,32,4
16118,9,14,22,23,31,33,14
16117,3,10,14,17,28,33,2
16116,7,18,20,23,27,31,13
16115,6,8,20,22,26,27,9
16114,5,16,20,22,27,29,9
16113,1,11,16,17,20,26,14
16112,6,12,14,15,18,25,12
16111,2,4,7,14,15,32,4
16110,5,7,28,31,32,33,8
16109,9,11,15,16,27,33,5
16108,2,3,7,8,19,26,16
16107,6,11,18,26,27,32,1
16106,4,5,13,22,25,30,4
16105,8,10,19,27,28,31,16
16104,5,9,11,18,30,31,4
16103,1,5,13,19,24,27,11
16102,5,8,10,14,17,30,13
16101,1,3,19,24,32,33,1
16100,3,10,22,23,27,29,4
16099,1,11,21,23,27,33,6
16098,2,8,25,29,31,32,6
16097,6,13,25,26,28,31,1
16096,6,13,14,21,22,24,16
16095,1,5,9,12,18,32,12
16094,6,7,10,12,18,31,10
16093,6,9,15,17,25,27,9
16092,2,13,15,23,24,29,6
16091,4,8,14,22,23,28,7
16090,2,13,17,20,21,26,7
16089,1,3,14,30,31,32,8
16088,3,14,16,18,25,33,15
16087,2,3,10,11,14,21,12
16086,9,10,11,12,15,32,5
16085,1,12,19,20,21,25,16
16084,2,4,12,18,24,26,5
16083,9,16,17,24,30,31,4
16082,6,12,14,15,17,20,9
16081,2,6,15,25,30,32,7
16080,1,16,17,24,25,32,14
16079,1,3,10,12,24,28,2
16078,2,4,8,23,26,29,2
16077,1,9,17,19,20,29,10
16076,7,8,13,22,30,32,1
16075,1,3,6,16,29,32,7
16074,6,10,11,12,20,25,12
16073,9,11,12,15,16,20,13
16072,5,16,19,22,24,25,2
16071,19,21,26,28,29,32,1
16070,3,6,11,18,23,29,1
16069,8,10,11,20,21,27,11
16068,8,19,23,28,31,32,1
16067,9,13,18,20,27,31,4
16066,3,7,13,18,19,20,5
16065,13,16,22,25,26,27,14
16064,3,12,14,17,19,26,3
16063,16,17,18,23,28,32,7
16062,12,13,15,18,19,21,9
16061,5,6,8,18,20,32,8
16060,4,5,22,26,29,32,8
16059,4,11,12,20,25,28,15
16058,3,5,18,20,24,32,11
16057,7,12,19,22,23,26,11
16056,3,4,8,11,16,18,14
16055,5,6,10,16,22,26,11
16054,6,11,16,19,28,32,4
16053,2,8,10,12,29,31,1
16052,1,6,13,19,24,28,16
16051,1,2,4,9,15,33,12
16050,9,12,24,28,29,30,2
16049,6,8,13,14,22,27,10
16048,3,8,13,14,15,30,4
16047,2,5,8,15,17,22,16
16046,7,20,25,26,27,30,14
16045,4,9,12,17,30,32,3
16044,1,3,10,12,18,30,1
16043,5,14,20,26,30,33,12
16042,7,14,17,23,26,31,9
16041,12,17,18,21,22,24,4
16040,3,13,19,20,23,26,3
16039,1,3,7,18,19,27,16
16038,3,12,13,22,28,29,3
16037,6,15,26,31,32,33,16
16036,3,4,7,9,20,22,3
16035,4,13,19,20,26,29,11
16034,3,15,21,22,23,28,15
16033,6,17,18,20,27,29,15
16032,8,12,14,15,21,27,15
16031,3,8,10,19,26,33,3
16030,10,14,19,22,25,29,12
16029,12,15,18,20,21,27,15
16028,6,8,12,21,25,29,1
16027,11,13,15,17,19,31,5
16026,4,9,12,28,30,33,1
16025,4,11,12,17,24,30,12
16024,2,5,7,14,18,31,13
16023,3,6,10,19,25,29,7
16022,4,9,19,22,23,30,7
16021,9,11,13,22,24,26,5
16020,1,2,10,12,22,24,10
16019,6,13,16,17,23,30,10
16018,12,13,14,17,21,25,4
16017,5,6,8,20,22,30,5
16016,1,20,22,24,25,26,16
16015,1,2,14,22,25,26,7
16014,2,8,10,18,20,27,7
16013,7,12,21,22,26,31,1
16012,7,12,14,16,27,32,15
16011,3,8,10,15,22,29,12
16010,2,4,12,14,19,25,6
16009,10,14,24,25,27,32,4
16008,2,15,24,29,32,33,2
16007,5,12,14,20,27,29,6
16006,13,16,18,20,28,31,12
16005,11,14,18,20,31,33,14
16004,8,10,17,22,25,33,12
16003,1,10,14,23,26,28,1
16002,9,14,17,20,24,30,16
16001,6,13,16,18,20,22,13
15154,7,9,11,15,18,25,7
15153,8,11,15,22,27,29,3
15152,11,18,19,21,29,32,12
15151,5,6,8,23,31,32,11
15150,1,3,8,11,29,31,13
15149,9,10,20,21,22,33,9
15148,9,13,14,22,26,27,7
15147,8,9,16,23,24,30,5
15146,16,17,21,28,30,32,15
15145,7,8,15,19,20,24,13
15144,1,4,7,15,28,32,16
15143,13,15,19,20,21,32,4
15142,13,17,19,20,22,25,11
15141,3,8,19,25,27,28,2
15140,6,20,28,29,30,31,12
15139,1,10,13,18,25,27,9
15138,1,2,8,16,19,24,11
15137,14,22,23,27,28,31,12
15136,2,5,12,23,28,29,1
15135,1,12,14,18,26,32,7
15134,2,5,14,19,27,31,4
15133,2,3,13,20,22,24,15
15132,3,5,11,28,30,33,1
15131,10,12,13,19,22,26,3
15130,6,14,15,16,17,22,10
15129,5,8,11,16,18,27,4
15128,1,3,8,11,22,28,6
15127,7,10,19,22,27,33,6
15126,10,11,15,20,23,29,12
15125,5,13,22,27,30,33,10
15124,2,3,5,12,18,27,1
15123,5,8,9,12,22,28,7
15122,5,7,11,16,22,25,7
15121,1,3,20,21,28,29,12
15120,16,21,24,26,27,29,16
15119,2,8,10,18,23,31,8
15118,1,4,11,21,23,31,12
15117,4,11,12,18,26,32,12
15116,4,6,15,23,26,28,11
15115,1,7,8,14,24,32,3
15114,4,7,9,13,21,26,1
15113,1,5,7,8,19,27,12
15112,1,3,10,19,20,27,11
15111,8,14,16,18,20,30,12
15110,5,7,16,17,22,23,4
15109,1,8,9,16,32,33,13
15108,2,12,19,22,24,27,15
15107,7,14,16,18,21,25,8
15106,1,3,4,23,31,32,13
15105,9,10,16,19,20,26,12
15104,9,18,21,23,25,26,1
15103,6,8,13,26,30,32,14
15102,7,9,12,14,21,23,6
15101,8,16,22,24,28,29,5
15100,2,3,11,17,19,21,8
15099,6,7,10,11,14,22,9
15098,6,9,13,26,27,33,1
15097,9,12,14,20,26,27,4
15096,6,16,17,23,24,31,7
15095,4,15,21,28,30,31,4
15094,1,4,6,13,16,17,10
15093,1,3,13,21,25,31,8
15092,9,15,19,21,26,27,1
15091,5,7,17,19,22,31,11
15090,10,12,14,22,25,33,15
15089,12,14,19,27,28,29,1
15088,2,12,20,24,29,31,9
15087,9,15,16,19,20,28,11
15086,5,6,8,16,18,22,12
15085,2,8,25,27,28,29,5
15084,15,18,20,22,28,29,15
15083,6,7,16,18,29,32,5
15082,2,8,9,14,28,30,7
15081,13,20,22,26,28,31,13
15080,14,17,25,27,28,30,2
15079,9,14,15,20,26,32,11
15078,3,7,20,22,26,29,2
15077,1,6,8,10,13,27,16
15076,1,9,10,19,23,27,9
15075,6,11,13,19,21,32,4
15074,4,7,21,25,26,29,8
15073,1,2,17,22,26,27,4
15072,1,3,5,20,21,31,5
15071,8,18,20,28,29,31,8
15070,1,7,13,19,21,29,15
15069,1,13,17,18,23,30,15
15068,6,15,18,21,26,27,10
15067,2,5,8,24,25,31,14
15066,5,8,11,17,24,28,16
15065,8,10,14,19,26,29,12
15064,11,12,14,17,23,27,1
15063,1,7,9,16,22,32,12
15062,9,14,15,18,21,26,16
15061,6,18,22,26,32,33,4
15060,1,3,18,27,31,32,13
15059,2,6,9,16,25,32,14
15058,2,9,10,18,19,20,15
15057,9,20,24,25,26,32,4
15056,1,7,8,16,18,20,14
15055,1,10,15,18,19,28,2
15054,1,2,7,10,22,26,7
15053,3,7,17,22,32,33,10
15052,2,4,11,16,25,26,12
15051,4,10,24,26,28,32,9
15050,3,9,12,16,17,31,4
15049,7,12,14,17,20,23,5
15048,13,16,17,22,25,27,10
15047,2,3,20,24,26,27,9
15046,5,7,10,14,23,31,1
15045,1,5,13,22,30,31,7
15044,2,3,4,13,14,16,2
15043,11,12,15,24,26,27,15
15042,9,10,19,21,23,32,8
15041,4,9,11,17,21,25,6
15040,13,16,18,27,30,32,16
15039,1,13,15,26,29,30,12
15038,5,6,11,12,14,33,14
15037,5,7,12,18,28,31,3
15036,4,6,16,17,26,33,3
15035,1,8,9,22,24,33,3
15034,12,13,17,18,20,27,13
15033,3,6,21,29,31,32,5
15032,11,14,16,18,29,32,16
15031,1,5,7,22,26,32,11
15030,8,11,14,15,16,26,7
15029,7,14,15,19,21,28,7
15028,4,7,10,26,27,28,14
15027,5,7,9,16,26,29,7
15026,2,13,17,21,22,33,13
15025,10,11,12,15,27,32,14
15024,9,11,16,18,23,24,10
15023,8,9,10,13,29,30,1
15022,4,7,10,16,23,25,10
15021,14,15,16,17,27,28,8
15020,1,4,7,19,22,23,4
15019,2,6,11,19,25,26,4
15018,6,9,12,14,28,29,9
15017,13,18,20,25,27,33,12
15016,2,6,10,15,17,31,13
15015,1,7,20,24,25,33,4
15014,2,12,16,19,27,30,11
15013,8,9,24,25,26,29,1
15012,3,5,22,23,29,31,6
15011,4,14,15,17,18,20,15
15010,1,2,3,8,21,31,9
15009,4,7,14,17,21,25,14
15008,4,7,10,16,20,22,3
15007,1,7,9,17,20,33,8
15006,1,10,11,29,31,33,13
15005,7,10,16,17,18,32,15
15004,2,14,15,16,23,24,10
15003,10,15,20,23,24,31,15
15002,7,15,16,25,28,32,5
15001,1,7,9,16,20,23,6
14152,8,13,15,20,21,25,12
14151,4,5,8,11,21,27,8
14150,3,8,14,22,24,32,9
14149,7,9,10,15,19,33,1
14148,1,2,5,12,15,16,13
14147,6,7,22,26,31,32,10
14146,1,6,13,20,29,32,1
14145,10,12,13,23,26,29,11
14144,3,5,6,9,10,27,14
14143,3,12,18,20,25,26,16
14142,6,21,22,23,25,28,13
14141,8,9,11,16,21,24,10
14140,6,10,11,14,17,33,6
14139,1,14,15,20,25,29,11
14138,4,6,13,29,31,33,13
14137,3,6,9,11,25,29,9
14136,3,16,19,27,31,32,10
14135,2,4,11,13,25,33,1
14134,5,16,22,23,26,28,2
14133,13,14,16,23,30,31,13
14132,5,6,14,15,18,33,8
14131,5,17,21,22,28,32,14
14130,1,2,10,24,30,33,10
14129,5,8,9,20,28,32,2
14128,5,7,8,17,18,24,14
14127,2,10,12,21,23,27,12
14126,6,11,16,17,22,27,1
14125,10,11,15,26,31,32,6
14124,2,17,20,24,31,33,4
14123,1,6,11,17,28,33,5
14122,6,9,11,16,20,29,11
14121,1,2,13,22,28,30,9
14120,1,7,12,16,23,28,4
14119,6,13,17,20,26,29,9
14118,5,7,15,18,26,30,3
14117,5,10,17,25,28,29,4
14116,9,10,14,15,19,29,16
14115,1,9,10,11,13,32,3
14114,2,7,23,30,32,33,10
14113,12,14,28,31,32,33,7
14112,1,15,16,21,24,30,3
14111,2,8,17,20,22,28,2
14110,1,8,11,13,19,30,6
14109,2,5,11,15,19,28,2
14108,3,8,9,20,23,28,2
14107,11,14,17,22,25,27,16
14106,9,14,17,18,21,25,15
14105,14,16,17,19,27,32,4
14104,2,6,12,19,27,28,13
14103,3,8,9,10,18,33,4
14102,14,16,21,24,28,31,13
14101,16,18,20,23,24,32,7
14100,1,6,9,10,14,16,11
14099,1,5,10,11,13,32,14
14098,2,13,17,20,29,31,7
14097,7,13,24,25,27,32,15
14096,12,14,17,19,22,24,8
14095,5,6,8,14,22,31,8
14094,1,10,18,20,23,29,1
14093,2,8,9,10,20,29,5
14092,3,13,18,19,22,26,7
14091,1,5,12,19,27,29,14
14090,5,9,11,19,24,32,13
14089,4,6,14,17,27,30,9
14088,3,6,11,14,16,29,15
14087,6,18,22,23,32,33,6
14086,2,4,10,12,14,30,8
14085,1,2,11,19,23,29,8
14084,1,6,9,10,13,25,8
14083,5,6,19,21,23,33,12
14082,2,4,20,25,26,29,11
14081,8,14,22,24,27,29,10
14080,5,14,16,17,25,30,7
14079,2,7,16,22,27,28,2
14078,2,3,5,6,9,17,7
14077,8,9,12,15,19,22,10
14076,6,10,12,17,18,33,11
14075,3,9,11,22,27,29,6
14074,1,3,6,13,30,31,12
14073,1,12,16,20,30,33,2
14072,1,3,7,13,19,32,16
14071,2,4,12,17,22,25,14
14070,1,7,9,19,28,29,7
14069,5,12,17,19,25,30,11
14068,4,12,13,22,27,29,16
14067,1,6,7,17,18,23,6
14066,2,5,15,17,18,21,16
14065,3,4,5,8,10,22,6
14064,2,9,15,16,29,32,14
14063,3,8,17,21,22,31,16
14062,6,9,15,24,25,26,9
14061,2,14,17,27,28,31,8
14060,3,5,14,18,25,33,6
14059,5,8,12,13,23,25,13
14058,2,3,12,13,14,25,11
14057,2,4,12,18,23,31,8
14056,1,11,18,20,28,29,1
14055,2,9,14,19,21,30,4
14054,1,4,5,11,29,30,14
14053,14,17,19,22,26,31,2
14052,9,13,15,28,30,33,8
14051,10,16,19,21,23,24,13
14050,3,17,23,25,26,32,13
14049,6,7,16,17,23,32,6
14048,6,9,16,17,24,25,16
14047,8,10,11,12,19,29,15
14046,2,10,11,17,18,22,10
14045,2,4,9,11,19,22,15
14044,4,9,21,27,28,33,12
14043,2,5,9,14,24,33,9
14042,12,15,20,25,28,33,14
14041,7,11,16,18,21,22,2
14040,3,4,6,11,12,15,8
14039,3,11,15,19,20,31,7
14038,4,7,22,23,24,33,16
14037,6,13,14,24,25,30,7
14036,1,7,8,9,11,22,3
14035,7,8,9,17,32,33,6
14034,1,3,4,8,25,31,6
14033,5,13,23,28,32,33,12
14032,1,2,14,22,29,33,7
14031,4,10,16,17,21,27,14
14030,12,18,19,23,24,30,10
14029,2,7,14,16,21,29,14
14028,6,16,21,27,30,32,5
14027,8,10,14,16,30,31,1
14026,1,2,5,6,11,23,14
14025,1,5,10,14,16,30,16
14024,8,10,16,20,23,30,9
14023,7,9,13,17,21,22,10
14022,4,6,7,10,21,26,16
14021,8,10,15,17,22,29,12
14020,9,14,17,23,24,25,15
14019,2,10,15,19,20,21,7
14018,13,17,18,21,30,33,15
14017,4,6,7,14,25,26,10
14016,2,3,7,13,21,24,8
14015,2,11,19,30,32,33,9
14014,4,9,19,22,25,29,15
14013,5,9,13,15,17,21,13
14012,1,8,11,19,21,24,8
14011,9,10,13,14,21,32,2
14010,5,7,8,20,31,33,11
14009,8,9,19,20,25,32,16
14008,5,14,16,21,29,30,12
14007,8,10,12,14,18,28,14
14006,3,4,7,17,21,27,14
14005,15,18,23,27,32,33,4
14004,1,4,19,22,24,25,15
14003,6,10,11,28,30,33,12
14002,4,21,23,31,32,33,4
14001,3,9,15,20,27,29,1
13154,7,11,14,19,24,29,5
13153,8,11,13,18,28,33,10
13152,4,6,14,16,18,29,5
13151,3,9,10,19,28,33,9
13150,1,15,16,25,26,29,10
13149,9,18,25,26,30,32,11
13148,6,11,12,14,17,22,1
13147,2,15,16,17,19,30,8
13146,8,20,25,30,32,33,1
13145,6,10,13,16,23,24,15
13144,5,7,12,19,27,31,2
13143,12,18,21,22,27,32,11
13142,11,12,14,20,22,29,14
13141,3,4,5,25,30,31,4
13140,1,5,12,13,21,22,10
13139,7,8,11,13,21,27,8
13138,4,15,16,24,27,28,3
13137,4,17,19,23,24,27,10
13136,4,6,14,16,18,26,6
13135,9,23,24,25,29,31,12
13134,1,17,18,19,25,29,10
13133,4,7,12,19,22,25,1
13132,20,21,22,23,25,27,12
13131,4,6,12,17,19,26,9
13130,1,3,15,16,31,33,8
13129,5,6,10,14,27,31,14
13128,7,13,17,19,25,31,8
13127,2,3,13,20,22,33,14
13126,4,10,19,27,31,33,16
13125,4,6,8,18,25,28,16
13124,3,9,15,23,25,30,7
13123,1,2,6,11,17,25,2
13122,7,10,13,15,26,27,11
13121,4,5,6,7,25,27,7
13120,5,6,13,18,23,31,11
13119,5,15,20,22,26,32,9
13118,2,3,17,22,32,33,16
13117,9,12,13,24,27,33,16
13116,12,15,21,26,32,33,7
13115,3,12,16,17,18,27,8
13114,4,6,17,21,23,33,7
13113,4,7,11,17,24,33,9
13112,1,6,12,13,22,31,7
13111,1,2,3,6,8,33,13
13110,15,17,18,21,29,32,13
13109,9,23,24,27,29,32,8
13108,16,21,22,28,31,32,5
13107,7,9,11,17,28,31,11
13106,9,11,23,30,31,32,6
13105,1,11,23,27,31,32,9
13104,1,2,4,15,17,28,11
13103,2,4,9,13,18,20,7
13102,2,4,5,6,8,16,3
13101,5,7,9,23,27,32,1
13100,4,8,11,14,16,20,11
13099,5,11,20,21,26,31,3
13098,7,15,18,19,20,26,14
13097,5,14,17,22,23,25,7
13096,1,2,22,28,29,30,15
13095,1,6,15,19,28,29,10
13094,2,4,14,18,20,22,7
13093,1,2,8,26,29,31,14
13092,7,11,15,21,26,31,6
13091,4,14,24,25,28,31,10
13090,2,5,11,23,24,29,8
13089,4,8,12,19,21,25,13
13088,9,15,20,21,22,24,14
13087,2,13,19,23,24,28,5
13086,2,4,11,13,16,26,11
13085,2,8,12,14,16,32,16
13084,5,7,9,11,20,21,3
13083,5,6,12,14,19,23,9
13082,4,13,14,20,22,30,6
13081,1,4,10,13,21,31,13
13080,10,11,12,23,28,32,16
13079,7,13,17,19,22,26,13
13078,3,5,17,18,26,27,15
13077,9,14,23,24,26,29,3
13076,14,23,24,26,29,30,3
13075,4,6,9,25,30,33,14
13074,3,6,8,14,19,32,3
13073,2,9,13,17,20,28,11
13072,2,8,11,14,19,33,9
13071,5,12,21,23,26,28,9
13070,2,3,9,10,28,30,6
13069,7,16,17,18,30,33,6
13068,2,7,13,20,25,27,6
13067,1,4,9,15,22,30,6
13066,1,3,16,17,20,32,7
13065,7,18,19,23,29,30,2
13064,1,9,13,22,25,32,12
13063,10,15,18,20,23,31,12
13062,1,6,7,19,22,27,2
13061,5,6,7,12,13,18,12
13060,5,7,10,13,19,20,15
13059,3,10,18,24,27,29,9
13058,8,11,17,21,23,24,5
13057,13,16,19,23,26,28,5
13056,3,12,25,26,28,29,16
13055,8,18,19,22,27,32,6
13054,3,4,8,14,21,28,14
13053,3,12,13,22,30,33,14
13052,6,7,14,21,22,24,13
13051,8,12,15,19,28,29,2
13050,3,7,13,18,22,25,3
13049,10,13,14,16,21,32,14
13048,10,13,17,28,30,32,4
13047,1,8,11,17,27,30,12
13046,3,16,19,20,24,26,6
13045,6,7,8,14,23,31,12
13044,3,5,11,18,26,28,6
13043,3,6,14,15,17,25,16
13042,1,8,12,13,15,33,3
13041,2,10,12,17,23,24,5
13040,2,4,10,12,17,30,10
13039,1,2,14,15,24,29,6
13038,9,10,12,14,15,19,11
13037,2,15,18,27,28,32,14
13036,4,5,9,27,29,31,13
13035,1,14,15,17,26,30,2
13034,6,15,20,22,26,33,9
13033,5,6,13,17,19,28,1
13032,4,21,25,29,30,33,3
13031,3,13,14,15,21,33,3
13030,7,14,18,25,26,29,6
13029,6,7,10,19,23,29,12
13028,7,8,14,25,26,28,13
13027,1,2,4,12,21,24,12
13026,4,11,14,15,22,31,11
13025,16,17,18,24,25,30,8
13024,4,5,13,23,27,30,9
13023,3,6,15,18,30,32,5
13022,2,4,7,9,15,20,7
13021,1,6,17,19,26,31,11
13020,1,7,8,12,16,21,1
13019,1,2,5,16,20,26,6
13018,2,8,13,28,29,30,5
13017,4,6,12,30,31,32,9
13016,2,5,6,12,14,28,5
13015,5,6,7,11,13,18,15
13014,2,4,5,17,19,20,8
13013,5,6,13,19,22,28,9
13012,6,14,17,22,28,29,2
13011,3,12,17,24,27,29,9
13010,1,9,11,17,32,33,12
13009,1,4,9,13,16,23,2
13008,3,8,17,21,25,32,15
13007,2,9,15,22,26,32,1
13006,9,10,13,17,22,30,13
13005,1,13,14,25,31,32,12
13004,6,10,16,20,27,32,8
13003,22,23,26,27,28,33,9
13002,1,16,18,22,28,30,12
13001,6,8,14,15,24,25,6
12154,5,7,12,16,28,32,4
12153,4,5,11,21,27,28,10
12152,10,12,18,22,28,29,7
12151,5,14,24,25,26,32,1
12150,9,11,17,23,24,26,7
12149,1,5,13,25,26,32,13
12148,3,6,11,17,21,31,7
12147,2,12,15,23,24,32,9
12146,1,5,7,13,29,32,13
12145,5,20,26,27,28,33,3
12144,3,10,12,13,27,30,4
12143,7,8,18,25,30,32,6
12142,5,18,22,28,29,31,6
12141,3,5,8,19,20,27,9
12140,14,18,27,30,31,33,15
12139,8,19,21,24,28,31,15
12138,1,7,16,17,19,21,14
12137,1,2,4,6,13,17,7
12136,2,7,8,17,21,28,11
12135,2,5,7,8,11,17,16
12134,2,5,6,7,13,23,15
12133,1,8,11,20,21,29,2
12132,7,12,16,17,21,25,10
12131,6,18,19,26,28,32,12
12130,1,3,15,20,22,31,3
12129,1,7,9,17,21,29,1
12128,5,9,12,29,30,31,5
12127,1,9,11,21,26,32,8
12126,3,5,12,15,23,24,7
12125,8,12,13,26,29,33,1
12124,6,7,21,25,27,33,11
12123,8,10,16,25,28,33,9
12122,12,13,19,22,28,29,11
12121,1,7,8,20,23,24,11
12120,1,4,20,24,28,29,16
12119,12,20,25,26,27,28,13
12118,5,6,7,12,15,28,11
12117,13,15,18,20,24,28,9
12116,3,21,26,29,31,32,3
12115,3,8,20,24,26,32,14
12114,1,6,11,26,27,29,15
12113,3,6,9,13,18,32,6
12112,8,15,20,21,27,31,6
12111,2,9,10,20,22,31,13
12110,3,7,10,13,22,32,9
12109,2,12,24,26,29,31,3
12108,1,9,12,13,19,28,13
12107,11,12,15,24,25,31,9
12106,13,14,20,22,23,32,16
12105,6,13,14,15,17,30,4
12104,4,5,9,10,19,28,3
12103,4,9,11,14,32,33,2
12102,13,25,27,28,29,30,15
12101,9,12,17,18,20,33,2
12100,5,7,15,18,25,33,10
12099,8,12,15,16,21,27,16
12098,2,12,19,26,29,31,9
12097,5,8,13,14,19,22,6
12096,4,7,11,16,29,33,7
12095,17,24,27,28,29,30,2
12094,6,9,14,16,23,33,15
12093,3,5,19,21,24,33,13
12092,6,13,17,18,28,32,3
12091,1,5,7,8,19,21,16
12090,2,13,20,25,29,30,11
12089,3,7,10,13,14,25,11
12088,3,5,23,24,27,31,15
12087,3,10,11,13,14,22,9
12086,8,9,13,15,22,23,8
12085,5,17,24,30,31,33,5
12084,2,10,20,26,28,29,14
12083,4,9,14,15,26,33,4
12082,2,4,11,18,22,29,6
12081,2,5,10,24,25,29,6
12080,4,9,14,15,16,27,3
12079,6,7,12,24,30,33,12
12078,8,15,22,24,28,33,12
12077,2,4,13,18,26,28,12
12076,11,18,22,27,29,30,15
12075,4,6,22,23,29,32,11
12074,15,16,18,19,28,32,8
12073,4,7,9,10,17,27,5
12072,2,3,7,9,13,30,6
12071,3,4,19,21,22,23,8
12070,2,3,4,24,31,32,11
12069,8,10,11,18,20,29,6
12068,5,17,22,26,32,33,10
12067,4,5,10,21,26,30,16
12066,1,2,9,26,29,33,12
12065,8,10,18,19,27,31,14
12064,5,10,11,16,23,24,11
12063,2,10,17,19,24,27,12
12062,2,13,16,17,20,31,7
12061,3,8,11,12,14,18,14
12060,7,10,13,16,17,29,1
12059,4,13,21,22,26,31,1
12058,3,6,15,20,25,26,4
12057,3,5,19,21,27,31,4
12056,4,7,14,17,26,31,10
12055,4,6,13,20,24,28,1
12054,6,14,18,20,30,33,14
12053,4,15,22,25,27,33,4
12052,2,3,5,6,20,24,4
12051,2,12,14,17,30,31,9
12050,7,13,15,17,19,24,11
12049,4,12,13,19,20,32,2
12048,1,5,14,22,24,30,10
12047,6,7,11,16,32,33,11
12046,4,12,19,20,23,33,6
12045,8,11,20,21,27,30,9
12044,6,9,10,14,22,25,3
12043,2,9,11,21,26,33,3
12042,5,6,11,19,24,28,16
12041,8,11,15,20,24,32,2
12040,3,8,9,22,25,31,10
12039,1,2,5,13,22,29,8
12038,9,10,11,15,19,33,16
12037,5,14,19,24,28,33,9
12036,2,11,13,18,19,26,9
12035,9,11,12,21,24,26,5
12034,2,3,8,23,32,33,16
12033,2,3,15,16,17,27,4
12032,1,2,10,17,22,24,4
12031,4,16,22,24,27,31,3
12030,9,10,17,18,21,31,8
12029,4,7,15,25,26,28,3
12028,10,15,20,21,28,30,11
12027,4,16,22,25,30,31,12
12026,3,7,9,15,24,25,16
12025,3,8,9,17,25,27,6
12024,4,12,19,21,25,28,13
12023,5,9,15,23,24,33,2
12022,4,8,12,24,26,27,4
12021,1,15,16,18,22,30,3
12020,3,8,12,18,23,29,11
12019,7,14,18,20,22,30,16
12018,3,5,6,22,26,32,15
12017,6,9,14,19,25,28,10
12016,2,5,12,17,22,25,8
12015,1,3,6,10,21,23,15
12014,1,2,5,16,28,30,12
12013,6,8,24,29,30,32,13
12012,15,17,18,20,23,27,1
12011,4,14,15,16,20,26,5
12010,1,3,13,19,25,26,10
12009,4,16,24,26,27,33,11
12008,1,12,20,23,24,29,8
12007,10,17,19,27,28,32,4
12006,2,22,25,29,32,33,8
12005,7,9,18,27,31,33,6
12004,1,5,10,11,21,23,16
12003,3,6,8,24,29,31,9
12002,2,3,7,9,10,32,13
12001,1,4,5,9,15,17,6
11153,5,8,9,10,20,25,13
11152,4,10,11,12,21,26,13
11151,7,11,16,19,31,33,10
11150,8,10,12,15,22,27,13
11149,4,5,6,7,23,31,16
11148,5,14,22,23,25,26,14
11147,4,8,12,17,18,30,10
11146,11,23,26,28,32,33,10
11145,2,4,14,15,26,30,4
11144,1,2,9,10,16,24,3
11143,7,8,12,14,15,30,16
11142,12,15,16,26,29,31,2
11141,2,4,6,19,24,29,11
11140,4,18,20,22,27,29,6
11139,8,20,24,27,30,31,3
11138,1,5,15,24,28,32,7
11137,2,11,18,23,30,33,13
11136,2,4,6,20,22,31,7
11135,12,13,17,20,25,26,12
11134,1,2,6,7,30,31,10
11133,12,14,20,21,25,31,16
11132,2,5,12,13,25,33,7
11131,2,7,9,17,21,25,1
11130,7,14,18,23,25,32,15
11129,7,10,11,21,23,26,6
11128,9,11,14,17,19,23,12
11127,16,19,22,23,27,29,11
11126,3,7,13,18,23,26,16
11125,3,10,15,24,27,32,8
11124,9,18,19,26,31,32,16
11123,1,4,5,14,19,28,16
11122,10,12,18,26,27,31,3
11121,4,14,22,25,32,33,2
11120,4,14,17,28,30,33,7
11119,9,12,14,19,28,32,1
11118,5,6,11,14,20,21,10
11117,8,10,19,26,28,30,4
11116,1,7,11,12,17,27,5
11115,7,8,9,12,17,33,16
11114,1,14,15,16,30,32,9
11113,6,10,11,25,32,33,5
11112,3,5,16,18,23,24,15
11111,1,3,5,20,25,27,4
11110,12,14,21,26,28,33,12
11109,1,3,9,15,16,33,15
11108,2,17,22,26,29,33,10
11107,4,9,16,17,22,29,15
11106,2,11,12,14,24,32,14
11105,4,6,23,25,27,28,1
11104,9,10,16,20,25,29,9
11103,4,5,10,13,15,16,12
11102,1,5,13,21,27,31,11
11101,6,10,19,23,29,31,6
11100,7,11,21,23,31,32,5
11099,10,12,13,21,26,27,14
11098,3,7,20,21,22,32,5
11097,9,17,19,20,21,26,16
11096,1,4,7,13,14,19,15
11095,3,7,8,10,23,24,5
11094,9,11,12,17,18,19,5
11093,4,7,11,13,23,30,9
11092,5,10,17,26,31,32,4
11091,9,15,21,23,28,30,3
11090,2,5,14,18,21,25,16
11089,1,2,11,24,29,30,12
11088,3,9,17,20,21,29,4
11087,2,3,4,5,18,28,1
11086,6,7,9,12,17,24,9
11085,3,6,11,21,24,31,10
11084,9,10,12,16,18,32,15
11083,7,16,18,24,28,29,6
11082,7,16,17,20,25,26,4
11081,6,14,19,23,25,32,12
11080,2,7,9,25,31,32,9
11079,3,14,15,16,24,29,5
11078,3,5,13,20,22,29,9
11077,1,7,8,15,26,29,10
11076,6,19,21,26,32,33,13
11075,7,9,10,12,31,32,13
11074,2,21,26,28,29,32,1
11073,3,4,5,12,17,21,14
11072,1,6,10,11,18,27,12
11071,1,2,15,22,28,30,2
11070,1,3,5,12,21,28,12
11069,2,13,16,18,24,30,12
11068,3,7,10,15,19,24,10
11067,17,19,20,24,25,27,12
11066,4,6,14,17,30,32,12
11065,4,16,23,25,27,29,3
11064,3,6,7,29,30,33,2
11063,4,6,13,15,18,19,5
11062,4,8,9,10,29,30,3
11061,2,3,8,13,19,21,3
11060,10,11,13,21,27,31,1
11059,24,26,27,29,31,33,16
11058,7,18,22,30,32,33,6
11057,4,6,20,21,26,33,2
11056,13,16,19,20,23,25,10
11055,8,13,16,17,29,32,16
11054,8,11,16,17,22,33,8
11053,3,6,10,12,22,30,15
11052,4,5,8,19,27,28,8
11051,1,7,11,14,15,16,14
11050,4,5,19,22,28,29,15
11049,1,11,17,18,27,31,14
11048,10,14,18,25,26,27,15
11047,4,13,23,25,27,33,14
11046,9,17,18,26,29,30,8
11045,2,16,17,20,26,32,8
11044,3,14,16,26,27,31,9
11043,4,13,14,17,25,31,4
11042,5,13,15,17,19,21,15
11041,4,10,12,13,30,32,13
11040,5,11,14,24,26,28,13
11039,3,7,10,16,24,29,13
11038,2,14,15,19,23,24,12
11037,1,3,4,6,17,25,11
11036,2,11,20,22,24,31,5
11035,13,14,18,20,27,31,2
11034,13,14,17,19,24,31,8
11033,2,8,12,13,19,29,4
11032,3,5,7,13,14,15,15
11031,16,17,24,28,29,32,12
11030,2,9,19,24,25,33,10
11029,1,4,9,10,20,31,7
11028,1,4,5,14,16,17,1
11027,13,18,21,22,25,26,1
11026,7,8,17,19,21,26,12
11025,8,25,26,31,32,33,9
11024,5,7,10,19,26,31,14
11023,2,3,6,21,22,25,5
11022,2,7,14,16,17,21,5
11021,1,2,14,18,25,31,8
11020,12,16,17,19,24,30,5
11019,2,4,12,19,32,33,16
11018,13,15,18,28,30,33,1
11017,2,6,15,23,26,33,8
11016,3,4,16,17,22,29,13
11015,3,6,13,26,27,29,7
11014,5,7,10,11,23,26,16
11013,1,3,13,16,21,22,8
11012,7,8,11,13,15,26,13
11011,1,12,18,19,21,24,10
11010,1,4,5,9,15,19,13
11009,17,18,23,24,25,26,4
11008,10,12,13,17,24,31,15
11007,1,9,17,24,26,31,5
11006,1,3,5,13,16,18,5
11005,6,9,12,14,20,22,13
11004,4,6,8,10,13,26,5
11003,13,14,21,22,23,27,4
11002,6,8,12,17,28,33,5
11001,3,9,20,24,26,32,10
10153,3,6,12,19,30,31,13
10152,4,9,17,21,25,31,1
10151,2,13,14,17,19,26,14
10150,2,17,18,23,29,30,6
10149,2,7,8,16,25,30,9
10148,1,3,7,18,23,27,12
10147,2,8,15,18,24,30,3
10146,1,17,18,22,25,32,1
10145,3,21,24,27,28,31,8
10144,2,3,8,15,19,21,11
10143,9,16,18,26,30,31,14
10142,2,16,18,23,26,27,10
10141,2,3,7,18,23,27,6
10140,1,12,13,18,26,29,15
10139,11,13,18,20,26,31,9
10138,1,21,23,24,26,30,5
10137,7,9,10,13,19,33,6
10136,4,10,23,24,26,33,10
10135,4,10,13,25,26,30,10
10134,9,15,16,22,27,28,6
10133,3,9,17,21,26,32,1
10132,2,10,12,18,24,33,15
10131,5,6,15,16,19,26,6
10130,1,2,7,15,21,31,16
10129,4,8,14,25,28,32,16
10128,4,11,19,20,24,28,12
10127,1,4,8,17,25,33,1
10126,3,13,18,20,27,28,5
10125,6,7,13,23,28,29,9
10124,2,6,8,11,12,25,2
10123,6,12,15,18,29,32,10
10122,2,9,12,16,25,27,6
10121,8,11,13,18,25,30,15
10120,1,2,5,6,10,29,16
10119,7,17,25,27,30,31,9
10118,5,8,11,13,15,25,5
10117,1,8,20,22,24,28,1
10116,5,9,10,20,22,26,7
10115,1,22,24,25,29,33,15
10114,1,8,11,15,17,25,1
10113,5,10,15,18,20,28,10
10112,1,8,18,24,29,30,16
10111,4,7,8,13,17,18,10
10110,1,3,12,24,26,27,1
10109,4,15,18,25,29,32,15
10108,2,4,8,20,23,24,7
10107,8,12,15,17,22,33,16
10106,2,6,8,15,26,29,16
10105,1,8,9,19,21,31,11
10104,7,17,23,24,27,32,2
10103,6,9,14,17,20,33,9
10102,4,11,16,20,22,29,10
10101,4,9,18,21,25,26,6
10100,1,6,12,22,23,26,8
10099,3,4,17,24,27,30,6
10098,1,3,8,16,29,33,7
10097,10,16,18,21,24,26,1
10096,7,12,21,23,24,28,3
10095,9,11,16,17,25,27,14
10094,3,5,7,27,31,32,10
10093,9,10,19,28,32,33,6
10092,3,13,19,27,28,30,2
10091,6,13,16,20,22,24,16
10090,1,6,10,15,25,31,14
10089,7,8,9,16,23,26,1
10088,5,6,15,23,27,30,12
10087,1,8,16,17,25,30,10
10086,5,21,28,29,30,31,8
10085,1,8,12,13,24,27,8
10084,2,10,14,18,20,30,3
10083,2,20,21,22,23,31,12
10082,1,8,13,14,27,31,2
10081,2,3,9,24,26,27,5
10080,8,10,13,14,16,23,16
10079,8,11,12,14,18,22,2
10078,1,3,9,11,17,23,12
10077,2,8,14,20,21,24,9
10076,1,12,14,29,31,32,15
10075,5,9,12,13,15,22,14
10074,2,10,17,18,19,29,15
10073,1,16,20,23,27,31,2
10072,6,8,22,23,30,31,1
10071,5,13,14,17,20,26,1
10070,8,13,23,27,31,33,7
10069,12,14,20,22,24,32,11
10068,3,13,18,20,23,28,13
10067,1,7,10,14,21,25,1
10066,1,3,21,22,31,32,7
10065,2,7,8,17,30,32,12
10064,8,14,25,26,30,31,11
10063,2,6,10,17,23,24,3
10062,11,13,15,20,31,33,3
10061,2,4,16,19,22,26,12
10060,1,8,15,18,22,27,9
10059,1,9,11,12,18,30,10
10058,1,4,11,17,19,29,12
10057,5,11,12,19,25,32,5
10056,1,2,3,8,13,32,7
10055,2,3,13,19,20,23,8
10054,1,6,8,12,14,25,6
10053,3,22,24,27,28,30,14
10052,1,2,19,23,27,29,10
10051,4,17,23,27,28,32,3
10050,7,21,22,26,28,30,11
10049,1,6,10,26,27,28,2
10048,1,6,8,10,23,33,2
10047,3,10,13,20,21,32,15
10046,11,12,21,23,27,32,5
10045,2,3,4,13,20,29,1
10044,3,9,21,23,27,31,5
10043,4,10,19,22,28,33,4
10042,3,6,11,20,31,32,10
10041,3,5,13,19,25,29,12
10040,12,19,24,25,30,32,11
10039,8,17,21,23,25,32,12
10038,1,6,7,11,13,16,1
10037,3,16,19,21,24,26,6
10036,6,13,14,28,29,30,8
10035,9,10,11,18,19,21,10
10034,6,11,13,22,25,32,12
10033,8,10,11,12,25,29,9
10032,8,18,21,28,29,33,8
10031,5,7,13,24,25,28,4
10030,3,6,10,16,25,31,5
10029,1,5,14,16,17,22,3
10028,1,3,6,12,16,32,12
10027,3,4,15,25,26,30,13
10026,2,4,5,8,19,22,12
10025,4,5,7,10,13,25,11
10024,7,16,26,27,29,31,14
10023,2,9,11,22,24,27,11
10022,1,2,18,29,31,32,2
10021,2,9,16,17,19,25,4
10020,5,6,14,22,24,26,9
10019,2,10,22,24,26,27,6
10018,11,28,29,30,32,33,2
10017,1,3,6,11,12,23,11
10016,2,8,10,12,30,33,16
10015,1,4,16,21,23,28,6
10014,1,3,7,14,26,28,2
10013,1,2,3,16,18,23,12
10012,2,8,13,14,25,33,10
10011,7,8,14,22,24,30,7
10010,7,8,12,15,22,26,8
10009,1,9,13,21,24,32,6
10008,5,7,13,15,18,30,14
10007,14,22,27,28,30,33,14
10006,3,5,7,13,14,18,5
10005,3,5,6,8,17,18,14
10004,1,12,13,16,23,28,7
10003,14,22,26,27,28,31,4
10002,3,6,7,23,30,33,13
10001,7,17,18,27,29,32,13
9154,1,7,12,14,18,25,16
9153,6,7,8,20,21,25,10
9152,3,4,19,21,27,28,5
9151,6,8,10,16,25,30,14
9150,4,6,7,16,19,20,4
9149,1,3,16,18,22,29,4
9148,6,12,15,22,29,32,10
9147,6,8,10,18,22,32,16
9146,3,9,16,20,22,33,15
9145,3,5,11,15,26,33,11
9144,1,5,10,17,18,29,12
9143,5,9,11,17,23,28,10
9142,7,11,15,19,20,24,13
9141,2,13,21,28,29,31,9
9140,4,5,11,18,22,33,12
9139,1,5,15,17,27,29,2
9138,4,7,14,26,32,33,14
9137,8,12,14,15,17,21,1
9136,1,4,14,22,30,33,1
9135,1,3,14,19,30,33,16
9134,3,5,12,15,28,33,6
9133,5,9,13,18,20,32,1
9132,4,14,15,21,23,30,7
9131,16,23,25,26,32,33,5
9130,2,3,7,12,13,30,11
9129,6,7,16,17,24,25,7
9128,5,8,15,16,26,32,1
9127,2,11,12,14,15,16,4
9126,3,5,6,10,19,23,15
9125,6,7,8,22,26,27,12
9124,3,4,22,23,28,30,10
9123,9,13,20,22,25,28,14
9122,7,14,16,27,29,32,1
9121,2,4,6,10,25,30,9
9120,1,2,8,12,16,30,16
9119,6,7,10,12,15,21,5
9118,12,16,25,26,27,31,5
9117,5,9,15,21,26,31,13
9116,5,17,21,25,27,32,14
9115,2,9,13,15,19,24,3
9114,3,5,11,12,31,32,11
9113,4,12,20,25,28,29,16
9112,6,7,18,24,30,32,9
9111,2,4,7,14,15,25,15
9110,4,10,13,15,19,30,14
9109,5,6,7,14,25,28,1
9108,4,10,17,28,32,33,2
9107,7,8,20,23,28,29,5
9106,1,2,15,18,20,29,4
9105,2,8,10,16,27,30,15
9104,20,22,26,29,30,32,16
9103,6,11,17,20,23,24,9
9102,3,5,7,8,14,31,10
9101,1,2,5,10,19,24,14
9100,2,11,17,27,30,33,11
9099,8,9,18,20,25,29,9
9098,3,14,15,20,23,30,2
9097,7,13,24,26,28,32,14
9096,1,26,27,31,32,33,3
9095,8,9,14,28,31,33,15
9094,3,16,22,25,26,33,14
9093,1,11,20,31,32,33,1
9092,2,6,7,14,18,31,8
9091,3,8,11,14,25,29,4
9090,7,9,14,20,23,30,14
9089,2,3,7,11,19,32,4
9088,4,7,11,15,16,17,2
9087,6,11,13,20,28,32,6
9086,11,12,13,18,23,32,11
9085,4,8,12,17,20,30,3
9084,4,9,11,20,32,33,13
9083,2,8,12,18,24,28,4
9082,11,15,18,21,27,29,2
9081,4,5,6,25,29,30,3
9080,1,11,13,25,32,33,6
9079,2,9,16,21,30,31,13
9078,5,7,12,14,15,20,13
9077,1,9,14,16,28,32,16
9076,9,18,19,25,28,31,6
9075,1,13,15,17,20,30,5
9074,5,10,16,19,23,28,13
9073,9,16,17,18,22,27,14
9072,1,3,12,20,21,29,4
9071,4,5,23,26,31,32,6
9070,1,2,9,10,21,31,10
9069,3,5,12,18,21,23,2
9068,6,11,18,20,25,30,5
9067,4,10,16,23,28,30,5
9066,2,15,19,24,31,32,4
9065,8,12,20,22,30,33,2
9064,1,2,14,23,28,29,15
9063,2,5,11,26,30,32,16
9062,10,19,20,21,23,32,10
9061,10,11,13,16,19,30,3
9060,7,13,17,26,32,33,4
9059,3,7,13,23,27,30,11
9058,5,8,10,15,23,26,9
9057,5,7,10,14,17,25,11
9056,4,9,10,18,29,32,8
9055,3,4,18,22,24,29,11
9054,16,17,23,26,31,32,11
9053,7,12,18,19,22,28,4
9052,9,11,15,19,21,30,8
9051,6,10,13,16,21,23,7
9050,13,21,24,29,30,32,4
9049,9,12,14,20,30,31,6
9048,3,7,11,15,17,31,1
9047,6,8,11,15,21,22,16
9046,16,20,21,26,29,30,9
9045,3,4,6,23,30,32,1
9044,11,14,16,18,26,30,1
9043,4,9,10,15,18,26,7
9042,8,16,22,23,27,30,11
9041,1,8,23,26,28,33,8
9040,4,7,10,20,26,30,12
9039,5,12,14,15,21,27,3
9038,12,13,15,23,28,32,5
9037,2,6,15,18,20,31,3
9036,6,9,18,23,32,33,7
9035,6,15,21,26,29,31,5
9034,9,12,18,21,22,26,7
9033,7,8,13,14,29,30,6
9032,9,11,12,19,27,32,6
9031,1,2,3,15,30,33,1
9030,8,14,24,26,28,32,7
9029,12,13,15,22,23,29,13
9028,3,6,12,15,23,26,10
9027,2,7,11,16,27,32,6
9026,11,15,17,18,20,30,16
9025,10,20,22,23,26,33,11
9024,1,3,17,23,30,33,12
9023,1,6,7,15,24,30,8
9022,5,8,9,10,11,18,8
9021,1,4,5,17,24,27,9
9020,3,5,7,10,19,23,13
9019,6,17,19,20,26,27,4
9018,2,5,6,19,27,30,15
9017,6,14,15,19,25,26,8
9016,2,7,13,16,20,33,3
9015,2,4,6,15,17,32,5
9014,3,6,9,14,15,18,2
9013,4,8,9,21,26,27,9
9012,5,11,14,17,18,28,1
9011,2,4,13,14,18,23,15
9010,3,10,17,19,20,24,2
9009,8,15,21,30,31,33,2
9008,4,15,16,22,32,33,2
9007,1,5,12,23,25,26,15
9006,6,12,18,20,26,33,2
9005,1,3,8,15,17,21,13
9004,3,11,13,17,28,31,3
9003,2,3,6,15,25,30,2
9002,10,14,17,25,29,33,14
9001,4,21,23,24,30,31,4
8154,2,5,7,21,22,26,8
8153,1,4,18,21,24,30,16
8152,1,4,6,22,26,30,8
8151,6,8,10,14,17,19,6
8150,4,19,22,24,29,32,2
8149,10,14,22,28,29,33,2
8148,3,5,9,22,26,28,9
8147,7,8,14,22,26,33,2
8146,7,8,17,19,31,32,10
8145,7,13,18,22,26,29,2
8144,2,5,10,27,29,33,15
8143,12,17,18,19,26,27,6
8142,5,6,10,13,17,28,15
8141,3,13,20,25,29,33,15
8140,7,14,16,29,30,31,14
8139,8,9,19,23,25,26,7
8138,7,14,19,23,25,32,4
8137,1,4,24,28,29,33,9
8136,5,9,10,12,18,28,2
8135,5,14,15,16,19,21,15
8134,10,15,19,20,28,32,2
8133,8,11,16,19,24,26,11
8132,9,13,16,25,27,33,8
8131,2,12,15,18,22,32,8
8130,1,12,18,28,30,32,6
8129,1,3,18,24,25,32,15
8128,1,5,19,20,27,33,5
8127,5,8,19,22,27,30,13
8126,4,11,12,14,20,30,13
8125,10,11,12,15,26,29,9
8124,1,7,10,13,21,22,3
8123,10,11,15,16,25,29,2
8122,2,8,11,14,19,26,15
8121,2,22,23,27,31,32,6
8120,10,11,22,24,26,33,2
8119,5,7,9,15,24,29,7
8118,4,9,16,27,31,33,1
8117,3,5,7,10,14,33,7
8116,3,7,21,22,24,29,14
8115,2,12,13,14,17,18,6
8114,4,9,20,24,25,31,14
8113,6,9,10,12,17,22,9
8112,5,13,14,19,22,23,6
8111,17,18,21,25,31,32,6
8110,10,16,22,23,29,31,2
8109,4,7,9,16,21,28,10
8108,9,10,15,17,23,30,12
8107,6,13,18,22,27,32,4
8106,14,19,25,27,29,30,15
8105,5,17,19,27,28,32,2
8104,3,6,8,17,24,31,1
8103,1,12,16,18,22,33,4
8102,3,7,12,21,25,32,5
8101,9,17,21,26,28,30,4
8100,8,14,17,21,27,28,14
8099,10,15,16,22,23,24,7
8098,6,7,10,11,15,30,1
8097,3,6,8,9,16,17,13
8096,6,8,12,24,27,31,14
8095,3,8,14,21,28,29,3
8094,1,4,15,16,23,28,14
8093,4,10,12,16,26,28,7
8092,1,3,18,27,28,30,5
8091,3,12,14,23,31,32,10
8090,2,7,14,18,19,24,1
8089,3,6,11,16,22,27,11
8088,1,6,8,16,17,23,5
8087,1,7,26,29,30,31,6
8086,4,5,10,26,27,30,12
8085,1,4,12,20,24,29,15
8084,4,7,13,20,29,30,16
8083,7,8,9,18,29,32,9
8082,4,8,10,12,21,26,9
8081,2,12,13,18,25,31,4
8080,4,14,22,25,29,32,14
8079,3,4,5,10,20,32,9
8078,6,13,16,26,30,33,1
8077,4,12,22,26,30,33,9
8076,2,5,7,11,13,18,11
8075,1,8,14,18,22,30,3
8074,1,11,15,19,20,24,9
8073,1,9,13,22,28,33,8
8072,1,5,10,18,22,30,9
8071,1,6,21,26,27,28,9
8070,5,6,12,15,18,33,13
8069,5,8,17,20,26,30,10
8068,5,7,17,23,27,29,7
8067,10,11,15,19,26,33,13
8066,7,12,21,22,29,30,8
8065,5,13,15,19,30,31,5
8064,1,2,7,9,12,18,12
8063,5,9,11,14,16,17,15
8062,6,8,13,17,24,27,15
8061,1,2,5,12,26,31,6
8060,6,7,8,17,30,32,3
8059,2,6,15,29,31,32,16
8058,1,12,21,27,29,31,11
8057,19,20,21,26,28,30,8
8056,8,13,22,23,25,30,7
8055,11,16,19,23,26,31,4
8054,2,6,16,17,20,25,7
8053,6,12,19,20,21,27,4
8052,2,10,17,23,29,31,10
8051,1,4,8,10,13,33,11
8050,1,11,19,24,26,27,3
8049,3,10,12,13,19,25,4
8048,11,18,21,27,30,32,1
8047,9,12,13,14,20,22,10
8046,15,16,18,24,28,33,15
8045,1,10,13,21,29,32,4
8044,5,7,9,20,26,29,9
8043,3,10,16,22,27,33,14
8042,3,4,9,11,12,24,1
8041,8,11,20,22,23,27,4
8040,6,13,22,25,27,28,9
8039,1,7,10,13,22,29,1
8038,3,9,10,11,15,19,13
8037,1,12,22,24,28,31,6
8036,2,6,13,18,23,28,16
8035,7,11,14,17,18,29,16
8034,3,5,9,11,21,29,9
8033,12,17,18,30,31,33,4
8032,5,14,16,21,23,28,13
8031,3,6,11,15,21,31,13
8030,6,15,18,19,20,28,11
8029,1,9,14,22,29,32,12
8028,1,13,21,26,29,32,10
8027,15,18,19,23,24,26,13
8026,5,17,19,27,29,32,3
8025,8,16,17,18,19,21,14
8024,11,20,21,26,28,30,13
8023,8,16,18,25,26,32,2
8022,12,18,20,24,28,32,5
8021,9,12,19,20,26,28,15
8020,3,10,13,15,28,30,3
8019,2,9,11,17,27,31,5
8018,2,5,6,23,26,33,13
8017,2,5,7,17,20,22,2
8016,3,12,14,21,29,33,13
8015,6,8,11,16,29,33,3
8014,3,9,11,17,21,31,14
8013,2,8,15,16,22,28,10
8012,3,4,5,16,20,30,13
8011,2,14,17,21,30,32,3
8010,3,8,11,17,21,27,9
8009,9,21,29,30,31,32,16
8008,2,15,16,23,26,27,7
8007,1,13,17,22,23,30,11
8006,1,14,16,18,22,27,14
8005,3,5,15,22,24,25,15
8004,4,8,22,23,27,29,8
8003,6,8,11,13,17,19,12
8002,3,4,18,22,25,29,9
8001,2,4,7,9,14,29,3
7153,1,4,19,20,25,31,15
7152,11,17,21,29,30,33,8
7151,1,6,10,11,23,25,2
7150,3,5,11,13,19,24,5
7149,1,17,19,22,28,30,3
7148,3,9,16,17,23,28,7
7147,3,7,18,24,26,27,4
7146,4,18,22,24,26,30,9
7145,8,9,11,12,25,31,11
7144,8,14,23,25,28,32,16
7143,1,6,22,23,24,26,4
7142,11,20,25,26,27,30,8
7141,2,3,4,6,17,31,8
7140,1,5,16,21,22,26,11
7139,6,10,12,14,16,22,6
7138,2,3,15,17,19,25,16
7137,3,7,8,18,20,22,3
7136,1,2,18,21,25,29,14
7135,1,11,16,26,31,33,16
7134,1,4,10,13,18,25,15
7133,3,6,7,11,13,33,10
7132,1,9,16,21,22,23,5
7131,3,5,7,16,22,27,5
7130,3,5,9,11,27,31,4
7129,5,7,20,21,22,30,8
7128,9,10,19,21,27,31,5
7127,6,9,13,16,24,28,11
7126,9,10,19,23,26,31,9
7125,3,5,18,20,27,33,1
7124,3,7,13,16,19,32,16
7123,1,13,15,23,28,32,2
7122,4,7,19,24,26,32,9
7121,3,10,21,22,27,28,6
7120,6,7,11,12,18,25,1
7119,3,8,11,13,25,31,12
7118,4,10,16,18,25,32,15
7117,3,7,9,10,26,32,1
7116,3,5,7,11,17,27,13
7115,1,5,10,16,20,26,2
7114,5,12,15,24,27,33,5
7113,4,18,23,25,26,31,10
7112,7,11,14,16,25,32,11
7111,2,9,10,12,13,17,11
7110,2,4,7,15,24,28,3
7109,1,4,7,8,13,14,4
7108,3,7,12,13,20,33,2
7107,2,8,9,18,24,28,10
7106,12,18,21,24,25,29,8
7105,2,7,10,17,23,29,14
7104,2,8,12,14,20,32,4
7103,7,9,25,27,30,32,1
7102,4,6,8,18,20,33,11
7101,15,16,18,21,22,30,14
7100,8,18,27,29,30,32,6
7099,3,4,14,27,31,33,5
7098,2,3,5,11,19,20,12
7097,4,8,13,18,26,30,11
7096,9,10,20,22,30,32,8
7095,1,6,8,18,29,32,7
7094,3,5,18,19,24,32,2
7093,5,10,13,15,19,29,2
7092,14,18,22,23,24,33,9
7091,2,11,17,30,31,32,7
7090,5,11,13,27,30,31,2
7089,3,7,8,15,19,28,3
7088,2,4,10,28,29,33,6
7087,1,3,4,5,8,21,9
7086,5,8,14,22,27,29,16
7085,2,12,17,19,29,30,12
7084,6,10,12,14,20,27,10
7083,11,14,18,20,21,26,5
7082,5,15,17,18,25,32,15
7081,9,14,15,19,24,33,13
7080,1,8,16,18,19,29,4
7079,3,4,14,20,21,25,14
7078,4,6,7,23,25,32,1
7077,6,8,14,21,28,29,2
7076,6,12,15,16,20,31,2
7075,13,16,17,22,30,32,3
7074,8,13,15,25,27,28,3
7073,5,9,11,19,28,31,2
7072,2,4,8,13,14,33,16
7071,1,6,14,21,30,31,9
7070,6,8,15,17,18,30,12
7069,3,4,11,12,14,32,12
7068,11,18,19,22,23,28,1
7067,6,11,13,17,21,23,11
7066,5,11,16,24,32,33,8
7065,4,7,19,21,25,31,7
7064,2,6,9,16,21,23,16
7063,10,15,17,24,26,28,12
7062,8,17,20,29,30,33,9
7061,1,6,7,11,20,23,5
7060,1,2,8,16,19,29,5
7059,1,3,4,6,7,29,14
7058,7,8,10,13,25,27,7
7057,5,11,18,19,20,21,9
7056,14,17,21,29,31,32,12
7055,2,6,11,22,28,29,2
7054,1,3,16,18,23,28,5
7053,10,13,16,17,18,27,11
7052,2,3,7,8,26,29,7
7051,3,14,16,26,27,33,13
7050,1,5,8,13,18,25,2
7049,4,14,18,19,31,33,2
7048,2,11,12,15,17,28,12
7047,2,4,16,18,23,30,6
7046,2,6,7,9,19,26,14
7045,1,12,18,21,28,30,10
7044,9,13,20,21,24,32,8
7043,3,8,10,11,14,30,5
7042,3,13,16,19,32,33,8
7041,1,3,9,11,26,31,12
7040,13,14,15,19,24,30,10
7039,6,7,19,24,27,29,1
7038,3,11,14,19,21,30,5
7037,10,11,16,23,31,33,16
7036,3,14,21,23,30,31,10
7035,1,4,8,12,29,31,6
7034,2,9,12,14,23,25,16
7033,3,4,11,17,18,28,9
7032,4,8,16,24,30,32,16
7031,4,6,10,12,19,31,1
7030,3,16,21,22,27,30,4
7029,6,8,9,11,19,21,10
7028,3,8,13,20,29,30,11
7027,2,3,9,22,24,27,11
7026,1,4,14,16,26,29,10
7025,3,16,18,22,23,26,3
7024,8,9,17,25,27,32,6
7023,3,7,13,17,32,33,2
7022,2,4,7,10,18,27,10
7021,3,6,9,11,25,31,13
7020,5,10,16,20,28,31,14
7019,4,11,16,23,29,31,14
7018,1,12,18,20,21,26,11
7017,5,9,10,24,25,32,14
7016,1,18,20,22,26,33,5
7015,3,4,8,18,22,30,15
7014,1,13,16,20,24,26,9
7013,5,15,18,27,29,32,5
7012,3,5,7,21,26,28,4
7011,3,10,15,25,28,33,16
7010,3,8,14,17,30,32,5
7009,2,4,14,15,25,27,15
7008,1,4,5,18,19,25,10
7007,4,12,15,17,22,32,14
7006,6,10,14,22,26,27,11
7005,1,5,6,16,24,30,12
7004,3,7,10,13,25,33,10
7003,5,9,11,12,22,27,15
7002,5,6,14,20,21,22,1
7001,2,4,9,10,20,26,14
6154,7,14,18,20,30,33,13
6153,1,7,11,20,30,33,10
6152,1,14,20,25,27,31,15
6151,1,3,4,6,16,22,8
6150,8,9,12,18,25,27,12
6149,2,3,5,11,15,32,15
6148,4,8,12,13,23,29,1
6147,1,4,15,17,27,31,1
6146,3,9,13,23,28,30,5
6145,2,7,23,26,28,31,7
6144,4,10,13,16,22,29,6
6143,1,15,20,29,31,32,8
6142,10,16,19,22,26,27,16
6141,16,18,22,23,25,31,11
6140,1,8,11,18,19,23,5
6139,7,8,14,21,23,25,5
6138,4,9,11,17,18,26,8
6137,10,14,17,21,27,31,9
6136,11,15,17,21,22,24,5
6135,4,19,21,22,23,31,4
6134,10,13,18,26,28,30,12
6133,4,6,20,25,29,31,3
6132,6,14,22,26,30,33,1
6131,3,4,9,22,26,33,1
6130,1,12,21,22,30,32,2
6129,9,14,18,22,27,29,12
6128,4,15,21,30,31,33,5
6127,3,4,11,17,19,30,1
6126,2,8,13,16,24,33,9
6125,15,19,23,30,32,33,6
6124,12,13,14,18,31,32,13
6123,2,3,20,25,28,32,6
6122,4,5,6,8,22,24,3
6121,3,4,6,27,31,33,6
6120,6,8,14,15,24,33,9
6119,1,2,14,20,27,30,2
6118,1,3,7,8,10,30,5
6117,6,14,20,22,23,26,9
6116,5,16,21,22,32,33,9
6115,1,10,20,26,28,29,15
6114,8,10,14,20,27,29,16
6113,5,14,17,18,28,33,2
6112,4,9,13,15,31,33,11
6111,1,8,11,16,17,22,15
6110,9,12,14,18,27,33,13
6109,1,5,17,18,23,26,13
6108,2,6,8,20,24,30,9
6107,1,6,8,13,17,30,7
6106,2,12,14,19,28,33,10
6105,5,12,14,15,20,31,1
6104,3,7,22,27,28,31,11
6103,12,14,15,25,28,31,6
6102,1,4,13,19,20,24,11
6101,9,12,20,26,27,28,16
6100,1,11,18,26,30,32,3
6099,9,12,18,23,24,27,5
6098,6,7,10,11,18,23,16
6097,11,14,15,20,26,27,12
6096,1,5,9,13,18,33,14
6095,1,3,17,20,21,29,16
6094,15,16,17,18,24,33,13
6093,2,12,16,18,19,23,5
6092,2,8,11,16,20,21,14
6091,7,8,12,21,22,24,7
6090,2,11,15,20,23,29,11
6089,1,13,16,18,19,22,1
6088,3,11,20,24,25,26,1
6087,4,5,8,9,12,30,5
6086,4,6,10,24,26,31,6
6085,2,6,18,21,24,25,8
6084,1,12,17,21,25,28,12
6083,7,9,18,19,26,29,10
6082,3,13,15,23,28,29,9
6081,14,16,18,21,22,32,4
6080,15,17,20,22,26,29,9
6079,6,11,13,17,20,32,8
6078,3,5,17,22,31,33,12
6077,8,9,12,13,19,33,9
6076,4,10,17,21,29,32,14
6075,10,21,22,23,25,33,11
6074,1,3,15,19,25,33,4
6073,5,13,16,18,27,29,12
6072,2,3,5,20,21,24,8
6071,5,11,12,19,29,31,1
6070,2,3,11,13,20,27,2
6069,5,16,20,22,29,30,8
6068,3,7,10,14,30,33,10
6067,7,8,11,16,17,24,13
6066,6,8,11,18,30,33,5
6065,4,8,17,28,29,30,13
6064,3,12,14,21,24,28,11
6063,4,5,15,21,23,24,8
6062,18,22,23,24,26,30,1
6061,5,13,17,19,25,30,11
6060,5,15,19,23,30,32,14
6059,5,10,15,17,27,29,11
6058,1,12,22,23,24,25,14
6057,3,4,17,18,21,31,8
6056,11,13,15,21,23,25,8
6055,4,5,28,29,31,33,11
6054,3,5,7,10,28,30,4
6053,1,11,17,27,28,31,2
6052,11,24,26,27,30,32,3
6051,2,6,7,17,27,30,16
6050,2,6,12,15,25,31,7
6049,6,10,12,13,17,20,3
6048,9,13,19,25,29,32,12
6047,2,17,20,22,28,32,3
6046,13,18,23,29,31,32,8
6045,6,7,10,14,20,21,4
6044,2,10,18,21,30,31,5
6043,5,12,13,16,23,32,3
6042,3,16,23,26,28,31,11
6041,3,10,16,18,21,28,4
6040,15,22,25,26,28,33,3
6039,16,19,22,28,31,32,3
6038,2,14,17,19,22,30,10
6037,2,12,23,24,25,32,14
6036,4,7,10,16,17,21,9
6035,3,9,13,21,27,29,13
6034,2,10,15,16,17,33,13
6033,15,20,22,23,27,31,6
6032,5,18,20,24,26,31,9
6031,3,10,12,16,31,32,14
6030,8,13,15,17,20,32,14
6029,3,4,7,9,14,19,8
6028,5,7,14,16,17,27,4
6027,6,8,11,14,16,27,15
6026,1,2,18,22,29,32,3
6025,3,4,17,19,24,32,5
6024,2,7,9,11,21,27,6
6023,4,13,14,19,23,28,8
6022,2,3,4,13,16,27,13
6021,1,2,5,20,21,22,9
6020,5,9,21,23,26,29,6
6019,4,6,13,22,26,32,7
6018,1,13,14,17,24,26,5
6017,3,4,8,31,32,33,2
6016,1,7,13,17,23,30,16
6015,2,3,9,15,29,32,3
6014,6,14,26,29,32,33,7
6013,1,5,6,12,16,21,11
6012,9,11,13,27,31,33,10
6011,5,7,8,14,27,31,11
6010,4,6,12,19,27,29,8
6009,5,6,8,20,26,30,6
6008,3,5,9,18,28,32,16
6007,4,16,18,27,32,33,7
6006,8,21,22,23,26,32,14
6005,3,19,20,24,26,27,11
6004,4,8,17,27,28,31,7
6003,2,4,5,6,16,20,12
6002,7,13,16,21,26,28,9
6001,1,12,15,19,21,28,3
5153,4,5,7,21,26,29,1
5152,1,5,12,14,21,27,3
5151,4,11,12,13,19,30,5
5150,3,7,10,14,18,20,2
5149,11,16,21,23,25,32,7
5148,3,15,17,23,24,29,13
5147,6,7,15,27,28,30,10
5146,7,11,19,20,24,28,2
5145,3,7,8,17,20,28,15
5144,1,8,14,15,19,27,9
5143,3,10,15,17,20,32,8
5142,7,10,12,17,22,29,5
5141,3,5,8,12,16,19,15
5140,4,6,7,8,12,17,7
5139,2,7,20,23,32,33,10
5138,3,5,6,11,20,22,13
5137,3,9,15,23,25,33,12
5136,5,14,16,18,25,27,13
5135,1,5,13,15,21,25,11
5134,4,13,14,18,26,30,1
5133,1,7,14,16,18,25,11
5132,2,4,10,18,27,29,15
5131,2,7,10,11,12,24,3
5130,3,5,9,15,20,25,16
5129,5,10,14,20,27,33,3
5128,2,4,14,23,29,33,15
5127,4,6,11,14,23,25,12
5126,2,8,13,19,25,26,9
5125,6,14,18,28,31,32,3
5124,5,6,10,19,31,33,11
5123,11,12,13,17,18,25,7
5122,1,4,7,14,30,32,9
5121,1,7,20,25,31,32,12
5120,1,6,13,18,30,32,14
5119,1,7,11,18,20,22,2
5118,4,9,12,15,26,31,16
5117,6,17,22,27,28,32,3
5116,4,6,8,14,15,30,10
5115,3,12,18,23,30,33,2
5114,6,7,10,15,21,27,6
5113,15,18,20,22,26,27,3
5112,4,12,22,28,29,30,16
5111,3,7,15,16,19,29,9
5110,7,10,16,19,24,25,9
5109,3,5,13,15,17,31,4
5108,3,10,12,24,29,30,6
5107,9,10,20,24,25,26,11
5106,1,11,13,24,26,31,13
5105,4,15,23,30,32,33,3
5104,2,4,21,23,30,33,9
5103,4,7,16,18,23,30,7
5102,2,5,6,14,24,31,12
5101,9,16,19,21,22,24,12
5100,2,4,9,14,16,31,3
5099,10,13,16,22,24,31,9
5098,12,15,19,22,31,33,1
5097,5,10,23,27,28,30,15
5096,4,5,17,18,26,33,4
5095,9,12,18,21,28,29,5
5094,3,5,9,23,27,33,3
5093,4,6,17,23,25,29,14
5092,8,13,19,26,28,31,10
5091,1,11,12,15,26,27,13
5090,1,9,21,25,29,32,3
5089,5,19,20,23,26,31,12
5088,1,3,7,18,20,24,7
5087,8,9,15,16,23,26,8
5086,7,11,12,24,27,29,12
5085,8,9,13,14,20,22,12
5084,1,2,7,15,19,20,3
5083,3,5,9,14,16,30,13
5082,1,7,11,14,19,20,12
5081,2,4,10,12,26,30,3
5080,1,12,14,26,27,32,16
5079,3,9,20,24,25,28,5
5078,3,11,15,20,26,32,11
5077,8,17,22,24,32,33,16
5076,4,9,11,22,25,28,13
5075,11,13,14,16,18,31,14
5074,6,9,18,20,26,29,9
5073,1,6,8,9,18,20,1
5072,6,10,19,20,24,33,11
5071,4,8,12,14,16,22,10
5070,3,4,8,14,16,26,4
5069,7,9,21,24,31,33,12
5068,1,8,10,13,25,33,13
5067,3,12,16,20,21,26,16
5066,2,4,10,11,25,28,5
5065,12,16,17,21,22,23,16
5064,10,18,23,27,30,32,8
5063,2,11,13,18,22,30,4
5062,2,7,11,12,20,23,7
5061,5,9,14,21,23,24,1
5060,9,12,21,25,31,33,13
5059,7,11,14,18,24,29,7
5058,4,6,10,21,25,26,10
5057,5,6,10,15,30,31,13
5056,12,17,19,27,29,31,9
5055,5,20,22,30,32,33,9
5054,5,13,17,18,21,29,14
5053,4,7,10,14,27,29,9
5052,1,2,14,17,30,32,1
5051,3,6,14,19,20,21,2
5050,2,9,12,20,26,32,13
5049,2,3,8,10,25,27,12
5048,6,7,8,10,16,28,2
5047,2,3,5,7,8,27,15
5046,9,16,18,20,22,24,5
5045,1,7,10,15,18,20,10
5044,1,6,16,17,18,22,9
5043,4,5,6,7,8,32,5
5042,11,16,21,26,27,30,15
5041,2,11,16,23,24,29,3
5040,1,12,21,24,30,32,13
5039,2,16,18,19,21,29,9
5038,4,7,11,20,27,28,16
5037,7,12,14,22,24,32,16
5036,12,19,20,21,26,31,15
5035,12,16,21,28,29,30,14
5034,5,17,18,25,28,32,9
5033,7,8,12,14,19,20,7
5032,5,15,19,20,25,29,3
5031,4,10,16,20,23,32,7
5030,1,5,9,14,22,28,5
5029,2,14,21,22,27,30,14
5028,4,9,22,25,26,32,10
5027,1,3,4,6,21,32,15
5026,6,12,14,20,25,26,7
5025,1,7,10,11,13,32,7
5024,5,9,14,27,31,32,13
5023,10,15,19,20,21,25,12
5022,8,10,12,21,32,33,4
5021,2,6,24,26,30,31,16
5020,14,16,19,20,25,29,5
5019,6,11,12,13,19,22,8
5018,1,3,6,22,23,25,6
5017,2,6,10,25,27,31,3
5016,1,5,6,12,16,30,15
5015,4,8,9,16,17,29,15
5014,13,19,21,23,30,32,5
5013,7,8,16,19,20,24,6
5012,2,3,6,16,22,31,5
5011,9,11,13,15,22,30,15
5010,8,10,11,18,25,26,1
5009,2,17,22,27,29,31,14
5008,11,19,22,27,32,33,11
5007,7,15,17,20,23,33,15
5006,2,4,5,15,21,31,16
5005,5,9,20,26,28,33,15
5004,1,4,8,9,22,23,3
5003,9,12,15,19,22,31,16
5002,6,9,20,26,28,33,14
5001,1,7,8,23,27,28,14
4122,3,11,14,22,24,31,15
4121,7,13,16,18,30,32,10
4120,7,8,18,21,27,32,10
4119,6,9,18,20,25,33,6
4118,3,4,7,12,30,31,15
4117,1,3,7,14,24,25,7
4116,1,3,5,8,14,33,3
4115,2,16,20,30,31,33,1
4114,1,6,9,17,21,22,1
4113,8,10,23,25,31,32,7
4112,9,13,15,21,26,33,6
4111,11,16,18,20,26,31,2
4110,14,19,20,21,22,31,11
4109,6,8,10,17,30,31,14
4108,8,13,14,27,28,31,12
4107,1,8,12,13,18,20,7
4106,10,15,23,26,28,29,12
4105,7,9,10,21,23,30,12
4104,7,11,17,18,24,29,5
4103,2,3,5,9,16,21,2
4102,3,9,12,15,28,32,1
4101,2,9,14,19,25,26,15
4100,6,8,9,14,24,33,15
4099,5,10,21,22,26,33,2
4098,3,12,13,25,26,31,3
4097,10,19,20,26,29,31,14
4096,1,4,12,16,20,30,15
4095,19,22,27,28,30,32,1
4094,5,9,10,13,24,25,8
4093,11,14,20,27,32,33,5
4092,1,4,8,13,28,31,2
4091,9,13,14,21,30,33,1
4090,1,18,20,24,32,33,12
4089,14,17,20,25,28,30,14
4088,2,10,19,22,24,32,14
4087,1,3,7,8,25,26,14
4086,10,13,18,19,25,27,1
4085,3,8,11,29,30,32,1
4084,1,4,8,11,21,25,14
4083,14,16,27,28,30,33,6
4082,3,20,24,27,29,30,15
4081,3,5,21,24,27,32,6
4080,3,8,20,23,24,26,16
4079,7,13,14,17,19,30,3
4078,4,5,10,21,24,26,5
4077,8,9,10,14,16,26,7
4076,3,5,13,17,25,31,7
4075,7,18,21,26,27,28,7
4074,5,6,15,19,26,29,13
4073,2,7,13,16,23,28,16
4072,8,15,18,28,30,33,14
4071,3,8,16,17,21,29,6
4070,10,12,21,22,30,33,6
4069,2,11,15,20,22,29,5
4068,2,8,11,13,24,31,15
4067,1,6,7,13,16,32,4
4066,5,13,20,23,24,25,3
4065,13,14,27,29,32,33,8
4064,14,15,18,20,27,31,4
4063,7,10,13,16,27,28,7
4062,1,12,25,27,28,29,13
4061,13,16,19,20,23,33,9
4060,3,5,11,24,27,28,15
4059,4,7,11,19,23,26,10
4058,1,8,11,12,27,31,12
4057,5,21,23,25,28,32,4
4056,1,20,21,25,29,30,2
4055,6,8,19,25,29,32,7
4054,9,11,14,16,27,28,11
4053,2,3,4,9,24,25,2
4052,1,12,14,15,17,29,9
4051,2,3,9,10,15,29,11
4050,6,7,19,21,25,29,2
4049,11,12,14,16,25,29,9
4048,8,9,11,16,17,29,9
4047,1,7,8,11,27,31,6
4046,7,15,16,22,23,32,14
4045,1,12,18,26,27,28,13
4044,2,6,7,12,31,32,5
4043,4,9,10,21,22,24,10
4042,6,10,13,17,18,21,2
4041,8,10,17,22,25,29,14
4040,7,17,19,20,21,29,11
4039,10,16,18,25,26,29,3
4038,11,16,17,25,28,29,7
4037,3,4,11,17,20,26,5
4036,2,13,17,18,26,30,1
4035,2,8,26,27,30,32,16
4034,2,7,13,20,27,30,14
4033,1,4,8,9,19,20,1
4032,2,5,8,11,15,31,13
4031,3,6,19,20,21,24,11
4030,1,7,9,17,26,31,5
4029,9,13,20,22,24,32,5
4028,1,2,3,5,10,22,12
4027,1,5,9,10,18,32,11
4026,4,10,14,18,28,32,15
4025,7,8,10,24,29,33,4
4024,1,13,21,23,25,32,6
4023,1,8,14,17,19,30,3
4022,3,10,14,19,20,30,6
4021,5,9,11,17,26,27,10
4020,1,2,9,22,28,31,4
4019,5,10,11,23,24,32,4
4018,2,5,6,8,28,30,6
4017,5,12,14,15,25,31,9
4016,4,7,8,28,30,32,5
4015,1,3,5,18,22,23,13
4014,3,7,11,17,20,26,12
4013,12,14,21,29,30,32,13
4012,1,7,27,30,31,33,8
4011,1,4,13,23,28,30,3
4010,6,7,8,13,14,19,15
4009,1,9,10,16,22,24,11
4008,1,7,10,22,32,33,13
4007,4,12,17,20,25,28,9
4006,4,12,18,20,23,32,6
4005,9,11,13,16,17,18,7
4004,10,19,22,23,25,29,9
4003,3,5,6,17,26,33,8
4002,10,12,18,22,30,31,11
4001,1,2,3,7,10,25,7
3089,18,19,21,26,27,33,16
3088,3,10,21,22,24,33,12
3087,2,3,4,5,24,28,13
3086,5,12,16,18,26,30,13
3085,1,4,11,12,19,27,14
3084,2,6,7,10,17,33,3
3083,1,3,14,18,26,28,1
3082,7,17,18,19,30,31,14
3081,1,2,14,26,29,30,7
3080,9,20,24,25,28,30,10
3079,12,15,22,23,26,31,4
3078,7,12,23,26,29,30,11
3077,4,12,16,22,24,25,6
3076,1,13,16,18,20,29,2
3075,16,17,19,22,31,33,11
3074,2,12,19,22,27,32,1
3073,2,12,14,21,23,30,13
3072,3,6,8,11,19,27,11
3071,9,11,12,14,15,33,11
3070,1,2,4,17,18,19,8
3069,7,11,16,19,26,28,11
3068,9,19,25,27,32,33,11
3067,5,11,12,13,27,31,10
3066,3,7,8,20,24,32,14
3065,6,15,16,17,30,33,11
3064,4,6,8,12,15,30,1
3063,5,8,9,14,21,33,11
3062,1,6,12,19,20,32,14
3061,3,5,20,21,28,32,2
3060,2,4,6,17,21,28,11
3059,2,3,5,6,18,30,4
3058,9,11,16,28,32,33,2
3057,18,19,24,25,30,31,16
3056,8,17,21,26,28,29,7
3055,6,13,16,21,28,31,16
3054,2,5,9,21,31,33,12
3053,15,19,20,21,28,29,13
3052,1,12,13,23,30,31,11
3051,4,13,15,17,24,27,1
3050,2,8,17,23,24,26,13
3049,3,6,7,13,24,25,15
3048,10,12,20,28,30,31,9
3047,3,17,26,28,32,33,16
3046,7,8,10,11,17,26,11
3045,3,7,14,15,17,32,3
3044,2,5,9,16,32,33,15
3043,2,8,10,19,20,32,13
3042,3,5,7,10,15,20,7
3041,2,3,17,18,24,25,11
3040,4,5,6,12,14,23,16
3039,3,5,23,24,27,32,3
3038,5,7,8,24,25,27,16
3037,9,14,17,18,26,32,7
3036,7,21,24,25,27,28,15
3035,3,4,5,8,10,11,8
3034,8,13,14,16,23,25,14
3033,1,7,14,20,27,30,10
3032,4,11,25,27,29,30,13
3031,11,17,20,22,28,32,1
3030,2,6,13,14,23,27,7
3029,2,7,15,26,29,32,10
3028,6,13,16,20,28,32,7
3027,1,11,14,17,27,28,15
3026,8,13,15,26,29,31,16
3025,1,5,11,13,14,27,12
3024,2,7,15,17,22,30,14
3023,1,10,20,22,26,31,2
3022,2,7,11,12,14,32,8
3021,14,15,18,25,26,30,1
3020,7,10,25,26,27,32,4
3019,4,8,12,13,16,33,9
3018,5,16,19,20,25,28,13
3017,5,8,18,23,25,31,6
3016,11,17,28,30,31,33,6
3015,4,11,19,25,26,32,13
3014,3,5,7,8,21,31,2
3013,8,13,17,21,23,32,12
3012,2,12,16,17,27,30,12
3011,4,5,11,12,30,32,15
3010,1,2,8,13,17,24,13
3009,5,9,18,20,22,30,9
3008,5,8,9,14,17,23,8
3007,1,9,19,21,23,26,7
3006,1,3,10,21,26,27,6
3005,4,6,15,17,30,31,16
3004,4,6,7,10,13,25,3
3003,1,7,10,23,28,32,16
3002,4,9,19,20,21,26,12
3001,10,11,12,13,26,28,11
